Handle,Title,Body (HTML),Vendor,Type,Tags,Published,Option1 Name,Option1 Value,Option2 Name,Option2 Value,Variant SKU,Variant Grams,Variant Inventory Tracker,Variant Inventory Policy,Variant Fulfillment Service,Variant Price,Variant Compare At Price,Variant Requires Shipping,Variant Taxable,Variant Weight Unit,Cost per item,SEO Title,SEO Description,Status
chauffe-mains-rechargeable,Chauffe-mains rechargeable,"<p>Le chauffe-mains rechargeable qui chauffe des deux côtés, se glisse dans la poche et recharge votre téléphone en dépannage.</p><ul><li>3 niveaux de chaleur : environ 45, 50 et 60 °C</li><li>Chauffe double face, chaleur en 30 secondes environ</li><li>Batterie rechargeable, sortie USB 5 V / 1,5 A pour dépanner un téléphone</li><li>102 × 59 × 24 mm, 135 g, avec dragonne</li><li>Dans la boîte : chauffe-mains, câble USB, notice, boîte cadeau</li></ul>",BRAISE,Chauffe-mains,"hiver, cadeau, chauffe-mains",TRUE,Pack,Solo ×1,Couleur,Argent,BRAISE-SOLO-ARGENT,200,,continue,manual,24.99,,TRUE,TRUE,g,7.49,"Chauffe-mains rechargeable double face — dès 24,99 €","Chauffe-mains rechargeable, 3 niveaux jusqu'à 60 °C, batterie de secours USB. En pack dès 20 € l'unité.",active
chauffe-mains-rechargeable,,,,,,,,Solo ×1,,Or,BRAISE-SOLO-OR,200,,continue,manual,24.99,,TRUE,TRUE,g,7.49,,,
chauffe-mains-rechargeable,,,,,,,,Solo ×1,,Rose,BRAISE-SOLO-ROSE,200,,continue,manual,24.99,,TRUE,TRUE,g,7.49,,,
chauffe-mains-rechargeable,,,,,,,,Solo ×1,,Noir,BRAISE-SOLO-NOIR,200,,continue,manual,24.99,,TRUE,TRUE,g,7.49,,,
chauffe-mains-rechargeable,,,,,,,,Duo ×2,,Argent,BRAISE-DUO-ARGENT,400,,continue,manual,44.99,,TRUE,TRUE,g,14.98,,,
chauffe-mains-rechargeable,,,,,,,,Duo ×2,,Or,BRAISE-DUO-OR,400,,continue,manual,44.99,,TRUE,TRUE,g,14.98,,,
chauffe-mains-rechargeable,,,,,,,,Duo ×2,,Rose,BRAISE-DUO-ROSE,400,,continue,manual,44.99,,TRUE,TRUE,g,14.98,,,
chauffe-mains-rechargeable,,,,,,,,Duo ×2,,Noir,BRAISE-DUO-NOIR,400,,continue,manual,44.99,,TRUE,TRUE,g,14.98,,,
chauffe-mains-rechargeable,,,,,,,,Famille ×3,,Argent,BRAISE-FAMILLE-ARGENT,600,,continue,manual,59.99,,TRUE,TRUE,g,22.47,,,
chauffe-mains-rechargeable,,,,,,,,Famille ×3,,Or,BRAISE-FAMILLE-OR,600,,continue,manual,59.99,,TRUE,TRUE,g,22.47,,,
chauffe-mains-rechargeable,,,,,,,,Famille ×3,,Rose,BRAISE-FAMILLE-ROSE,600,,continue,manual,59.99,,TRUE,TRUE,g,22.47,,,
chauffe-mains-rechargeable,,,,,,,,Famille ×3,,Noir,BRAISE-FAMILLE-NOIR,600,,continue,manual,59.99,,TRUE,TRUE,g,22.47,,,
